1 RUE BOITARD , 72000 Le Mans, France
50 RUE BOITARD , 72000 Le Mans, France
249 AVENUE FELIX GENESLAY , 72000 Le Mans, France
50 AVENUE FELIX GENESLAY , 72000 Le Mans, France
143 AVENUE GEORGES DURAND , 72000 Le Mans, France
50 AVENUE GEORGES DURAND , 72000 Le Mans, France
11 RUE GEORGES LIZE , 72000 Le Mans, France
50 RUE GEORGES LIZE , 72000 Le Mans, France
50 ALLEE DE GIVET , 72000 Le Mans, France
50 ALLEE DE GIVET , 72000 Le Mans, France
14 RUE DE GIVET , 72000 Le Mans, France
50 RUE DE GIVET , 72000 Le Mans, France
1 RUE HENRI , 72000 Le Mans, France
50 RUE HENRI , 72000 Le Mans, France
50 PLACE HENRI VAILLANT , 72000 Le Mans, France
6 PLACE HENRI VAILLANT , 72000 Le Mans, France
11 RUE DES IRIS , 72000 Le Mans, France
50 RUE DES IRIS , 72000 Le Mans, France
21 BOULEVARD JEAN MOULIN , 72000 Le Mans, France
64 BOULEVARD JEAN MOULIN , 72000 Le Mans, France
155 RUE DE LAIGNE , 72000 Le Mans, France
7 RUE DE LAIGNE , 72000 Le Mans, France
1 RUE MARCEL VETILLARD , 72000 Le Mans, France
9 RUE MARCEL VETILLARD , 72000 Le Mans, France
1 RUE MAUDOUX , 72000 Le Mans, France
50 RUE MAUDOUX , 72000 Le Mans, France
1 RUE DES QUATRE VENTS , 72000 Le Mans, France
50 RUE DES QUATRE VENTS , 72000 Le Mans, France
27 RUE DES SAPINS , 72000 Le Mans, France
9 RUE DES SAPINS , 72000 Le Mans, France
13 COURS DU TERRAS , 72000 Le Mans, France
50 COURS DU TERRAS , 72000 Le Mans, France
1 RUE VAUBAN , 72000 Le Mans, France
50 RUE VAUBAN , 72000 Le Mans, France
27 RUE DE VAUCELLES , 72000 Le Mans, France
7 RUE DE VAUCELLES , 72000 Le Mans, France
